[
  {
    "icon": "fa fa-home",
    "slug": "external",
    "title": "Volver al inicio",
    "path": "index.html"
  },  
  { 
    "id": 1,
    "icon": "fa fa-file-text",
    "slug": "investigacion",
    "title": "1. Investigación de mercados",
    "breadcrumb": ["Inicio","Tema 1"],
    "path": "pages/1-tema.html",
    "submenu": [
      {
        "icon": "fa fa-file-text",
        "slug": "investigacion",
        "title": "1.1 Investigación cualitativa",
        "anchor": "tema1_1"
      },
      {
        "icon": "fa fa-file-text",
        "slug": "investigacion",
        "title": "1.2 Investigación cuantitativa",
        "anchor": "tema1_2"
      },
      {
        "icon": "fa fa-file-text",
        "slug": "investigacion",
        "title": "1.3 Proceso de investigación de mercados",
        "anchor": "tema1_3"
      },
      {
        "icon": "fa fa-file-text",
        "slug": "investigacion",
        "title": "1.3.1 Definir el problema a investigar",
        "anchor": "tema1_3_1"
      },
      {
        "icon": "fa fa-file-text",
        "slug": "investigacion",
        "title": "1.3.1.1 Objetivos",
        "anchor": "tema1_3_1_1"
      },
      {
        "icon": "fa fa-file-text",
        "slug": "investigacion",
        "title": "1.3.1.2 Alcance",
        "anchor": "tema1_3_1_2"
      },
      {
        "icon": "fa fa-file-text",
        "slug": "investigacion",
        "title": "1.3.1.3 Necesidades de información",
        "anchor": "tema1_3_1_3"
      },
      {
        "icon": "fa fa-file-text",
        "slug": "investigacion",
        "title": "1.3.2 Establecer el diseño investigación",
        "anchor": "tema1_3_2"
      },
      {
        "icon": "fa fa-file-text",
        "slug": "investigacion",
        "title": "1.3.3 Recolección de datos",
        "anchor": "tema1_3_3"
      },
      {
        "icon": "fa fa-file-text",
        "slug": "investigacion",
        "title": "1.3.3.1 Trabajo de campo",
        "anchor": "tema1_3_3_1"
      },
      {
        "icon": "fa fa-file-text",
        "slug": "investigacion",
        "title": "1.3.3.2 Técnicas de recolección de información",
        "anchor": "tema1_3_3_2"
      },
      {
        "icon": "fa fa-file-text",
        "slug": "investigacion",
        "title": "1.3.3.3 Instrumentos de recolección de información",
        "anchor": "tema1_3_3_3"
      },
      {
        "icon": "fa fa-file-text",
        "slug": "investigacion",
        "title": "1.3.4 Formular hallazgos",
        "anchor": "tema1_3_4"
      },
      {
        "icon": "fa fa-file-text",
        "slug": "investigacion",
        "title": "1.3.5 Seguimiento y control",
        "anchor": "tema1_3_5"
      }
      
    ]
  },
  { 
    "id": 1,
    "icon": "fa fa-file-text",
    "slug": "estadistica",
    "title": "2. Estadística.",
    "breadcrumb": ["Inicio","tema 2"],
    "path": "pages/2-tema.html",  
    "submenu": [
      {
        "icon": "fa fa-file-text",
        "slug": "estadistica",
        "title": "2.1 Población estudio",
        "anchor": "tema2_1"
      },
      {
        "icon": "fa fa-file-text",
        "slug": "estadistica",
        "title": "2.2 Muestra",
        "anchor": "tema2_2"
      },
      {
        "icon": "fa fa-file-text",
        "slug": "estadistica",
        "title": "2.3 Muestreo",
        "anchor": "tema2_3"
      },
      {
        "icon": "fa fa-file-text",
        "slug": "estadistica",
        "title": "2.3.1 Muestreo aleatorio simple",
        "anchor": "tema2_3_1"
      },
      {
        "icon": "fa fa-file-text",
        "slug": "estadistica",
        "title": "2.3.2 Muestreo estratificado",
        "anchor": "tema2_3_2"
      },
      {
        "icon": "fa fa-file-text",
        "slug": "estadistica",
        "title": "2.3.3 Muestreo sistemático",
        "anchor": "tema2_3_3"
      },
      {
        "icon": "fa fa-file-text",
        "slug": "estadistica",
        "title": "2.4 Frecuencia",
        "anchor": "tema2_4"
      },
      {
        "icon": "fa fa-file-text",
        "slug": "estadistica",
        "title": "2.5 Distribución de frecuencias",
        "anchor": "tema2_5"
      },
      {
        "icon": "fa fa-file-text",
        "slug": "estadistica",
        "title": "2.6 Tabulación",
        "anchor": "tema2_6"
      },
      {
        "icon": "fa fa-file-text",
        "slug": "estadistica",
        "title": "2.7 Graficas",
        "anchor": "tema2_7"
      },
      {
        "icon": "fa fa-file-text",
        "slug": "estadistica",
        "title": "2.8 Tablas",
        "anchor": "tema2_8"
      },
      {
        "icon": "fa fa-file-text",
        "slug": "estadistica",
        "title": "2.9 Medidas de tendencia central",
        "anchor": "tema2_9"
      },
      {
        "icon": "fa fa-file-text",
        "slug": "estadistica",
        "title": "2.10 Desviaciones",
        "anchor": "tema2_10"
      }
     
    ]
  },
  { 
    "id": 1,
    "icon": "fa fa-file-text",
    "slug": "manejo",
    "title": "3. Manejo de Software para estadística.",
    "breadcrumb": ["Inicio","tema 3"],
    "path": "pages/3-tema.html"    
    
  }

]

